id;id_disponibilite;debut_disponibilite;fin_disponibilite
1;1697;2025-05-15T17:45:11;2025-05-16T06:34:31
2;31556;2025-05-16T10:36:09;2025-05-15T22:46:56
3;16299;2025-05-16T08:37:52;2025-05-15T18:54:04
4;6050;2025-05-16T04:12:23;2025-05-16T08:19:27
5;15533;2025-05-15T15:03:13;2025-05-16T06:20:12
6;610;2025-05-15T19:46:55;2025-05-16T06:19:25
7;23863;2025-05-16T06:05:04;2025-05-16T03:39:43
8;29683;2025-05-16T04:27:26;2025-05-15T13:50:56
9;9391;2025-05-16T01:32:13;2025-05-16T01:06:22
10;19393;2025-05-16T00:20:56;2025-05-16T00:20:02
